datetime,low,high,open,close,volumefrom,volumeto,cryptocurrency,image_url,coin_name
12/6/2019,45.23,46.46,44.88,45.37,1495603.06,67861726.17,LTC,https://www.cryptocompare.com/media/35309662/ltc.png,Litecoin
12/7/2019,44.92,46.19,45.37,45.41,1290473.44,58603365.68,LTC,https://www.cryptocompare.com/media/35309662/ltc.png,Litecoin
12/8/2019,45.29,46.2,45.41,45.74,1044011.82,47756608.42,LTC,https://www.cryptocompare.com/media/35309662/ltc.png,Litecoin
12/9/2019,43.96,44.9,45.74,44.46,1502620.55,66801325.25,LTC,https://www.cryptocompare.com/media/35309662/ltc.png,Litecoin
12/10/2019,43.44,44.26,44.46,44.14,1271163.68,56110298.31,LTC,https://www.cryptocompare.com/media/35309662/ltc.png,Litecoin
12/11/2019,43.41,44.48,44.14,43.86,1023796,44907219.35,LTC,https://www.cryptocompare.com/media/35309662/ltc.png,Litecoin
12/12/2019,43.28,44.11,43.86,43.63,1295678.07,56528235.95,LTC,https://www.cryptocompare.com/media/35309662/ltc.png,Litecoin
12/13/2019,43.69,44.74,43.63,44.62,686194.78,30620254.53,LTC,https://www.cryptocompare.com/media/35309662/ltc.png,Litecoin
12/14/2019,43.1,43.93,44.62,43.41,649378.65,28189045.35,LTC,https://www.cryptocompare.com/media/35309662/ltc.png,Litecoin
12/15/2019,43.35,44.13,43.41,43.47,508901.01,22122902.49,LTC,https://www.cryptocompare.com/media/35309662/ltc.png,Litecoin
12/16/2019,39.19,42.5,43.47,39.98,1337594.45,53482138.41,LTC,https://www.cryptocompare.com/media/35309662/ltc.png,Litecoin
12/17/2019,36.74,38.9,39.98,36.94,1818378.18,67174019.91,LTC,https://www.cryptocompare.com/media/35309662/ltc.png,Litecoin
12/18/2019,40.38,42.68,36.94,40.91,1658260.26,67835653.43,LTC,https://www.cryptocompare.com/media/35309662/ltc.png,Litecoin
12/19/2019,39.37,40.87,40.91,39.83,1072949.7,42740009.94,LTC,https://www.cryptocompare.com/media/35309662/ltc.png,Litecoin
12/20/2019,39.86,40.72,39.83,40.22,929511.74,37388532.85,LTC,https://www.cryptocompare.com/media/35309662/ltc.png,Litecoin
12/21/2019,39.66,40.19,40.22,39.79,659753.13,26253117.08,LTC,https://www.cryptocompare.com/media/35309662/ltc.png,Litecoin
12/22/2019,41.75,43.29,39.79,41.95,1218658.64,51120410.11,LTC,https://www.cryptocompare.com/media/35309662/ltc.png,Litecoin
12/23/2019,40.27,41.32,41.95,40.57,1316012.71,53396835.12,LTC,https://www.cryptocompare.com/media/35309662/ltc.png,Litecoin
12/24/2019,39.85,41.01,40.57,40.37,1161526.14,46891576.41,LTC,https://www.cryptocompare.com/media/35309662/ltc.png,Litecoin
12/25/2019,39.54,40.49,40.37,40.11,982201.77,39398026.01,LTC,https://www.cryptocompare.com/media/35309662/ltc.png,Litecoin
12/26/2019,39.68,40.67,40.11,40.06,1160442.39,46484751,LTC,https://www.cryptocompare.com/media/35309662/ltc.png,Litecoin
12/27/2019,40.15,41.43,40.06,40.97,1425474.06,58401066.92,LTC,https://www.cryptocompare.com/media/35309662/ltc.png,Litecoin
12/28/2019,41.29,43.69,40.97,43,1622032.02,69743295.36,LTC,https://www.cryptocompare.com/media/35309662/ltc.png,Litecoin
12/29/2019,42.66,43.78,43,43.15,1642578.93,70871410.56,LTC,https://www.cryptocompare.com/media/35309662/ltc.png,Litecoin
12/30/2019,41.86,43.36,43.15,42.32,1471465.39,62274584.24,LTC,https://www.cryptocompare.com/media/35309662/ltc.png,Litecoin
12/31/2019,41.13,42.51,42.32,41.23,1339384.47,55220527.76,LTC,https://www.cryptocompare.com/media/35309662/ltc.png,Litecoin
1/1/2020,41.16,41.86,41.23,41.59,865174.51,35979677.49,LTC,https://www.cryptocompare.com/media/35309662/ltc.png,Litecoin
1/2/2020,39.33,40.62,41.59,39.45,1093235.02,43124702.29,LTC,https://www.cryptocompare.com/media/35309662/ltc.png,Litecoin
1/3/2020,41.05,42.36,39.45,42.36,1569007.78,66459103.79,LTC,https://www.cryptocompare.com/media/35309662/ltc.png,Litecoin
1/4/2020,41.98,43.05,42.36,42.82,1542557.53,66053316.1,LTC,https://www.cryptocompare.com/media/35309662/ltc.png,Litecoin
1/5/2020,42.33,43.81,42.82,43.32,1509666.7,65399855.29,LTC,https://www.cryptocompare.com/media/35309662/ltc.png,Litecoin
1/6/2020,45.57,46.56,43.32,45.88,1745108.2,80061197.78,LTC,https://www.cryptocompare.com/media/35309662/ltc.png,Litecoin
1/7/2020,46.4,48.32,45.88,46.53,2312918.33,107620952,LTC,https://www.cryptocompare.com/media/35309662/ltc.png,Litecoin
1/8/2020,44.2,46.61,46.53,45.31,2450065.45,111013163.3,LTC,https://www.cryptocompare.com/media/35309662/ltc.png,Litecoin
1/9/2020,43.89,45.1,45.31,44.72,1437083.91,64259554.81,LTC,https://www.cryptocompare.com/media/35309662/ltc.png,Litecoin
1/10/2020,46.57,50.44,44.72,49.11,2561130.7,125774820.5,LTC,https://www.cryptocompare.com/media/35309662/ltc.png,Litecoin
1/11/2020,47.67,51.15,49.11,49.42,2923380.14,144483351.6,LTC,https://www.cryptocompare.com/media/35309662/ltc.png,Litecoin
1/12/2020,50.14,52.08,49.42,51.38,2503855.91,128647508.7,LTC,https://www.cryptocompare.com/media/35309662/ltc.png,Litecoin
1/13/2020,49.1,51.16,51.38,49.64,1803351.51,89511997.5,LTC,https://www.cryptocompare.com/media/35309662/ltc.png,Litecoin
1/14/2020,53.85,60.76,49.64,58.43,4660883.32,272335285.6,LTC,https://www.cryptocompare.com/media/35309662/ltc.png,Litecoin
1/15/2020,56.95,60.34,58.43,58.24,3322343.53,193485618.2,LTC,https://www.cryptocompare.com/media/35309662/ltc.png,Litecoin
1/16/2020,55.56,58.72,58.24,57.51,1984210.02,114103901.7,LTC,https://www.cryptocompare.com/media/35309662/ltc.png,Litecoin
1/17/2020,58.07,63.3,57.51,60.97,2535277.43,154586157.3,LTC,https://www.cryptocompare.com/media/35309662/ltc.png,Litecoin
1/18/2020,58.38,62.31,60.97,59.22,2350660.77,139206093.6,LTC,https://www.cryptocompare.com/media/35309662/ltc.png,Litecoin
1/19/2020,56.2,59.86,59.22,57.66,1889584.56,108959797.3,LTC,https://www.cryptocompare.com/media/35309662/ltc.png,Litecoin
1/20/2020,56.28,58.18,57.66,57.09,1144185.69,65319508.78,LTC,https://www.cryptocompare.com/media/35309662/ltc.png,Litecoin
1/21/2020,57.1,58.65,57.09,57.41,1010047.94,57986293.88,LTC,https://www.cryptocompare.com/media/35309662/ltc.png,Litecoin
1/22/2020,56.8,58.88,57.41,58.31,1167152,68060514.23,LTC,https://www.cryptocompare.com/media/35309662/ltc.png,Litecoin
1/23/2020,53.24,56.8,58.31,54.29,1722840.17,93540234,LTC,https://www.cryptocompare.com/media/35309662/ltc.png,Litecoin
1/24/2020,51.67,55.08,54.29,54.5,1999765.57,108993274.7,LTC,https://www.cryptocompare.com/media/35309662/ltc.png,Litecoin
1/25/2020,52.35,54.41,54.5,53.25,1182987.99,62990223.64,LTC,https://www.cryptocompare.com/media/35309662/ltc.png,Litecoin
1/26/2020,54.63,56.79,53.25,56.15,1354033.76,76025839.36,LTC,https://www.cryptocompare.com/media/35309662/ltc.png,Litecoin
1/27/2020,57.55,60.67,56.15,58.4,1690249.92,98716922.31,LTC,https://www.cryptocompare.com/media/35309662/ltc.png,Litecoin
1/28/2020,60.46,63.54,58.4,60.84,2051970.29,124844297.2,LTC,https://www.cryptocompare.com/media/35309662/ltc.png,Litecoin
1/29/2020,59.69,62.51,60.84,59.91,1747837.75,104704477.7,LTC,https://www.cryptocompare.com/media/35309662/ltc.png,Litecoin
1/30/2020,60.04,70.02,59.91,67.84,3775283.11,256114652,LTC,https://www.cryptocompare.com/media/35309662/ltc.png,Litecoin
1/31/2020,66.27,69.38,67.84,67.86,3315077.98,224967685,LTC,https://www.cryptocompare.com/media/35309662/ltc.png,Litecoin
2/1/2020,67.79,72.65,67.86,70.75,3273662.66,231609566,LTC,https://www.cryptocompare.com/media/35309662/ltc.png,Litecoin
2/2/2020,68.44,72.63,70.75,69.93,2511491.05,175634096.9,LTC,https://www.cryptocompare.com/media/35309662/ltc.png,Litecoin
2/3/2020,68.67,71.02,69.93,69.57,1953990.1,135947513.7,LTC,https://www.cryptocompare.com/media/35309662/ltc.png,Litecoin
2/4/2020,66.42,69.46,69.57,67.89,1588457.76,107841979.4,LTC,https://www.cryptocompare.com/media/35309662/ltc.png,Litecoin
2/5/2020,70.59,74.29,67.89,72.64,1882633.98,136760391.7,LTC,https://www.cryptocompare.com/media/35309662/ltc.png,Litecoin
2/6/2020,72.24,75.72,72.64,73.5,1930267.32,141875610.4,LTC,https://www.cryptocompare.com/media/35309662/ltc.png,Litecoin
2/7/2020,73.19,75.56,73.5,74.45,1670024.69,124325743.6,LTC,https://www.cryptocompare.com/media/35309662/ltc.png,Litecoin
2/8/2020,73.17,78.43,74.45,76.54,2098042.83,160590843.2,LTC,https://www.cryptocompare.com/media/35309662/ltc.png,Litecoin
2/9/2020,75.84,79.87,76.54,77.11,1835817.64,141555690.5,LTC,https://www.cryptocompare.com/media/35309662/ltc.png,Litecoin
2/10/2020,72.79,75.41,77.11,74.03,2001298.84,148163768.7,LTC,https://www.cryptocompare.com/media/35309662/ltc.png,Litecoin
2/11/2020,75.92,78.59,74.03,76.82,1767109.11,135741080.7,LTC,https://www.cryptocompare.com/media/35309662/ltc.png,Litecoin
2/12/2020,77.22,82.88,76.82,81.23,2375336.43,192951548.6,LTC,https://www.cryptocompare.com/media/35309662/ltc.png,Litecoin
2/13/2020,77.48,83.39,81.23,80.67,3518460.08,283831576.5,LTC,https://www.cryptocompare.com/media/35309662/ltc.png,Litecoin
2/14/2020,80.49,84.19,80.67,82.98,2343128.88,194423938.4,LTC,https://www.cryptocompare.com/media/35309662/ltc.png,Litecoin
2/15/2020,75.61,80.05,82.98,76.63,2855583.78,218818834.6,LTC,https://www.cryptocompare.com/media/35309662/ltc.png,Litecoin
2/16/2020,69.52,79.89,76.63,74.79,3865555.12,289099911.2,LTC,https://www.cryptocompare.com/media/35309662/ltc.png,Litecoin
2/17/2020,68.92,73.88,74.79,73.29,3296216.46,241588056.7,LTC,https://www.cryptocompare.com/media/35309662/ltc.png,Litecoin
2/18/2020,74.36,79.1,73.29,77.2,2913619.22,224944437,LTC,https://www.cryptocompare.com/media/35309662/ltc.png,Litecoin
2/19/2020,68.88,74.24,77.2,70.53,2388582.34,168466350.2,LTC,https://www.cryptocompare.com/media/35309662/ltc.png,Litecoin
2/20/2020,67.54,72.16,70.53,69.44,2535396.94,176065056.5,LTC,https://www.cryptocompare.com/media/35309662/ltc.png,Litecoin
2/21/2020,69.47,74.9,69.44,73.41,2704103.27,198515793.1,LTC,https://www.cryptocompare.com/media/35309662/ltc.png,Litecoin
2/22/2020,72.56,76.84,73.41,74.91,2877372.35,215530892.9,LTC,https://www.cryptocompare.com/media/35309662/ltc.png,Litecoin
2/23/2020,77.16,80.6,74.91,79.9,2392239.99,191137437.3,LTC,https://www.cryptocompare.com/media/35309662/ltc.png,Litecoin
2/24/2020,72.96,77.46,79.9,75.61,2429347.55,183689719.5,LTC,https://www.cryptocompare.com/media/35309662/ltc.png,Litecoin
2/25/2020,69.96,73.24,75.61,71.01,2409085.01,171064125.2,LTC,https://www.cryptocompare.com/media/35309662/ltc.png,Litecoin
2/26/2020,58.39,67.7,71.01,60.59,3139419.23,190208667.9,LTC,https://www.cryptocompare.com/media/35309662/ltc.png,Litecoin
2/27/2020,59.15,64.07,60.59,61.69,2369423.6,146166778.9,LTC,https://www.cryptocompare.com/media/35309662/ltc.png,Litecoin
2/28/2020,58.45,62.1,61.69,60.07,2190911.58,131601899.5,LTC,https://www.cryptocompare.com/media/35309662/ltc.png,Litecoin
2/29/2020,57.74,59.97,60.07,58.16,1585451.7,92210398.35,LTC,https://www.cryptocompare.com/media/35309662/ltc.png,Litecoin
3/1/2020,56.58,59.53,58.16,57.9,1441433.37,83453804.92,LTC,https://www.cryptocompare.com/media/35309662/ltc.png,Litecoin
3/2/2020,59.74,62.68,57.9,61.47,1559397.16,95863703.51,LTC,https://www.cryptocompare.com/media/35309662/ltc.png,Litecoin
3/3/2020,59.59,61.57,61.47,61.09,1607128.3,98176292.03,LTC,https://www.cryptocompare.com/media/35309662/ltc.png,Litecoin
3/4/2020,59.45,61.43,61.09,60.54,1225880.92,74213705.54,LTC,https://www.cryptocompare.com/media/35309662/ltc.png,Litecoin
3/5/2020,61.57,62.92,60.54,62.15,1326702,82459096.05,LTC,https://www.cryptocompare.com/media/35309662/ltc.png,Litecoin
3/6/2020,62.18,63.81,62.15,63.4,1276383.54,80921515.6,LTC,https://www.cryptocompare.com/media/35309662/ltc.png,Litecoin
3/7/2020,60.41,62.61,63.4,60.55,1265350.81,76622305.66,LTC,https://www.cryptocompare.com/media/35309662/ltc.png,Litecoin
3/8/2020,50.34,54.8,60.55,51.18,2089046.42,106922242,LTC,https://www.cryptocompare.com/media/35309662/ltc.png,Litecoin
3/9/2020,48.44,51.15,51.18,50.53,2384695,120508960.3,LTC,https://www.cryptocompare.com/media/35309662/ltc.png,Litecoin
3/10/2020,49.14,50.57,50.53,50.23,1091676.73,54838984.91,LTC,https://www.cryptocompare.com/media/35309662/ltc.png,Litecoin
3/11/2020,47.65,50.69,50.23,48.6,1507501.02,73267213.51,LTC,https://www.cryptocompare.com/media/35309662/ltc.png,Litecoin
3/12/2020,25.27,31.88,48.6,30.49,5502122.65,167753957.7,LTC,https://www.cryptocompare.com/media/35309662/ltc.png,Litecoin
3/13/2020,33.62,38.84,30.49,37.93,7361698.22,279227694.9,LTC,https://www.cryptocompare.com/media/35309662/ltc.png,Litecoin
3/14/2020,33.88,35.2,37.93,34.43,2328679.9,80183112.82,LTC,https://www.cryptocompare.com/media/35309662/ltc.png,Litecoin
3/15/2020,34.8,36.58,34.43,36.3,1972707.39,71618203.85,LTC,https://www.cryptocompare.com/media/35309662/ltc.png,Litecoin
3/16/2020,32.6,34.57,36.3,33.25,2856656.22,94973963.85,LTC,https://www.cryptocompare.com/media/35309662/ltc.png,Litecoin
3/17/2020,34.01,35.68,33.25,34.23,1666370.49,57031656.53,LTC,https://www.cryptocompare.com/media/35309662/ltc.png,Litecoin
3/18/2020,34.26,35.47,34.23,34.83,1485914.31,51750870.89,LTC,https://www.cryptocompare.com/media/35309662/ltc.png,Litecoin
3/19/2020,34.1,40.84,34.8,39.09,971254.04,36824413.49,LTC,https://www.cryptocompare.com/media/35309662/ltc.png,Litecoin
3/20/2020,34.19,43.81,39.09,38.09,1253480.8,49539613.78,LTC,https://www.cryptocompare.com/media/35309662/ltc.png,Litecoin
3/21/2020,37.71,38.8,38.06,38.37,1267298.52,48624087.26,LTC,https://www.cryptocompare.com/media/35309662/ltc.png,Litecoin
3/22/2020,34.88,39.7,38.38,35.46,558850.08,20607913.01,LTC,https://www.cryptocompare.com/media/35309662/ltc.png,Litecoin
3/23/2020,34.61,40,35.46,39.11,637773.07,24009050.11,LTC,https://www.cryptocompare.com/media/35309662/ltc.png,Litecoin
3/24/2020,39.89,41.05,39.17,40.69,1132677.59,46089844.23,LTC,https://www.cryptocompare.com/media/35309662/ltc.png,Litecoin
3/25/2020,38.97,40.69,40.69,39.3,1098107.28,43150139.51,LTC,https://www.cryptocompare.com/media/35309662/ltc.png,Litecoin
3/26/2020,39.33,40.59,39.3,40.56,979268.02,39720301.58,LTC,https://www.cryptocompare.com/media/35309662/ltc.png,Litecoin
3/27/2020,37.59,38.83,40.56,38.14,1027738.49,39195099.17,LTC,https://www.cryptocompare.com/media/35309662/ltc.png,Litecoin
3/28/2020,36.84,39.5,38.14,38.93,1174325.4,45714142.39,LTC,https://www.cryptocompare.com/media/35309662/ltc.png,Litecoin
3/29/2020,36.27,37.25,38.93,37.12,839714.56,31167418.29,LTC,https://www.cryptocompare.com/media/35309662/ltc.png,Litecoin
3/30/2020,38.48,40.65,37.12,39.03,950844.42,37109721.9,LTC,https://www.cryptocompare.com/media/35309662/ltc.png,Litecoin
3/31/2020,38.43,39.36,39.03,39.15,794806.47,31113080.25,LTC,https://www.cryptocompare.com/media/35309662/ltc.png,Litecoin
4/1/2020,39.29,40.99,39.15,39.37,1025236.13,40362240.33,LTC,https://www.cryptocompare.com/media/35309662/ltc.png,Litecoin
4/2/2020,39.81,40.87,39.37,39.94,1171241.94,46773712,LTC,https://www.cryptocompare.com/media/35309662/ltc.png,Litecoin
4/3/2020,39.52,40.64,39.94,40.54,1039753.52,42154731.29,LTC,https://www.cryptocompare.com/media/35309662/ltc.png,Litecoin
4/4/2020,40.47,41.54,40.54,40.84,787714.46,32167318.05,LTC,https://www.cryptocompare.com/media/35309662/ltc.png,Litecoin
4/5/2020,40.22,40.75,40.84,40.38,621949.91,25113021.67,LTC,https://www.cryptocompare.com/media/35309662/ltc.png,Litecoin
4/6/2020,43.47,45.86,40.38,45.13,1247014.14,56282701.85,LTC,https://www.cryptocompare.com/media/35309662/ltc.png,Litecoin
4/7/2020,44.22,46.17,45.13,44.82,1597815.17,71618184.99,LTC,https://www.cryptocompare.com/media/35309662/ltc.png,Litecoin
4/8/2020,45.49,47.12,44.82,46.61,1283126.31,59801362.5,LTC,https://www.cryptocompare.com/media/35309662/ltc.png,Litecoin
4/9/2020,45.7,46.69,46.61,46.31,895775.58,41486142.18,LTC,https://www.cryptocompare.com/media/35309662/ltc.png,Litecoin
4/10/2020,41.62,43.83,46.31,42.35,1240049.14,52518935.56,LTC,https://www.cryptocompare.com/media/35309662/ltc.png,Litecoin
4/11/2020,42.21,42.98,42.35,42.59,840956.04,35812979.82,LTC,https://www.cryptocompare.com/media/35309662/ltc.png,Litecoin
4/12/2020,41.73,43.11,42.59,42.05,964396.44,40552376.84,LTC,https://www.cryptocompare.com/media/35309662/ltc.png,Litecoin
4/13/2020,40.83,41.76,42.05,41.32,1132220.44,46784714.4,LTC,https://www.cryptocompare.com/media/35309662/ltc.png,Litecoin
4/14/2020,41.08,41.57,41.32,41.27,862001.4,35574591.38,LTC,https://www.cryptocompare.com/media/35309662/ltc.png,Litecoin
4/15/2020,39.26,40,41.27,39.29,850458.99,33417326.27,LTC,https://www.cryptocompare.com/media/35309662/ltc.png,Litecoin
4/16/2020,41.46,43.63,39.29,42.59,1487904.63,63366430.51,LTC,https://www.cryptocompare.com/media/35309662/ltc.png,Litecoin
4/17/2020,41.58,42.43,42.59,42.25,902675.87,38138839.46,LTC,https://www.cryptocompare.com/media/35309662/ltc.png,Litecoin
4/18/2020,43.25,44.31,42.25,44.22,902593.85,39917210.78,LTC,https://www.cryptocompare.com/media/35309662/ltc.png,Litecoin
4/19/2020,42.18,43.52,44.22,42.29,984909.65,41652661.86,LTC,https://www.cryptocompare.com/media/35309662/ltc.png,Litecoin
4/20/2020,40.06,41.1,42.29,40.3,1059277.99,42683805.8,LTC,https://www.cryptocompare.com/media/35309662/ltc.png,Litecoin
4/21/2020,40.16,40.95,40.3,40.68,890230.75,36213004.74,LTC,https://www.cryptocompare.com/media/35309662/ltc.png,Litecoin
4/22/2020,41.83,42.44,40.68,41.9,870618.98,36478175.66,LTC,https://www.cryptocompare.com/media/35309662/ltc.png,Litecoin
4/23/2020,42.61,44.1,41.9,43.02,1263104.2,54336534.78,LTC,https://www.cryptocompare.com/media/35309662/ltc.png,Litecoin
4/24/2020,42.99,44.84,43.02,44.55,1698765.28,75685951.68,LTC,https://www.cryptocompare.com/media/35309662/ltc.png,Litecoin
4/25/2020,44.22,45.36,44.55,44.45,1349441.38,59984502.96,LTC,https://www.cryptocompare.com/media/35309662/ltc.png,Litecoin
4/26/2020,44.6,45.75,44.45,44.61,1080155.49,48189971.21,LTC,https://www.cryptocompare.com/media/35309662/ltc.png,Litecoin
4/27/2020,44.1,45.45,44.61,44.56,1105152.33,49245101.58,LTC,https://www.cryptocompare.com/media/35309662/ltc.png,Litecoin
4/28/2020,43.96,46.04,44.56,45.77,1387588.11,63510417.54,LTC,https://www.cryptocompare.com/media/35309662/ltc.png,Litecoin
4/29/2020,48.05,52.29,45.77,48.84,2113545.57,103234817.9,LTC,https://www.cryptocompare.com/media/35309662/ltc.png,Litecoin
4/30/2020,45.42,48.73,48.84,46.43,2264526.71,105134921.1,LTC,https://www.cryptocompare.com/media/35309662/ltc.png,Litecoin
5/1/2020,46.81,48.23,46.43,47.09,1268465.66,59726589.67,LTC,https://www.cryptocompare.com/media/35309662/ltc.png,Litecoin
5/2/2020,47.64,49.94,47.09,49.23,1060228.14,52190222.04,LTC,https://www.cryptocompare.com/media/35309662/ltc.png,Litecoin
5/3/2020,47.62,49.38,49.23,48.16,1107152.31,53321757.63,LTC,https://www.cryptocompare.com/media/35309662/ltc.png,Litecoin
5/4/2020,46.7,48.03,48.16,47.07,1220728.18,57463026.33,LTC,https://www.cryptocompare.com/media/35309662/ltc.png,Litecoin
5/5/2020,46.53,48.19,47.07,46.59,986335.94,45956853.48,LTC,https://www.cryptocompare.com/media/35309662/ltc.png,Litecoin
5/6/2020,44.95,47.71,46.59,45,1201580.63,54067681.26,LTC,https://www.cryptocompare.com/media/35309662/ltc.png,Litecoin
5/7/2020,46.82,49.73,45,47.47,1899484.62,90167903.73,LTC,https://www.cryptocompare.com/media/35309662/ltc.png,Litecoin
5/8/2020,46.27,48.09,47.47,47.73,1527633.49,72908758.45,LTC,https://www.cryptocompare.com/media/35309662/ltc.png,Litecoin
5/9/2020,46.31,47.96,47.73,46.96,1479478.3,69478434.17,LTC,https://www.cryptocompare.com/media/35309662/ltc.png,Litecoin
5/10/2020,41.61,43.15,46.96,42.09,1920917.42,80859493.49,LTC,https://www.cryptocompare.com/media/35309662/ltc.png,Litecoin
5/11/2020,39.99,41.68,42.09,41.53,1725110.57,71649640.69,LTC,https://www.cryptocompare.com/media/35309662/ltc.png,Litecoin
5/12/2020,41.77,42.92,41.53,42.24,1287662.12,54396811.14,LTC,https://www.cryptocompare.com/media/35309662/ltc.png,Litecoin
5/13/2020,42.98,44.63,42.24,43.27,944940.07,40887737.65,LTC,https://www.cryptocompare.com/media/35309662/ltc.png,Litecoin
5/14/2020,43.77,45.48,43.27,43.99,1434740.39,63115678.1,LTC,https://www.cryptocompare.com/media/35309662/ltc.png,Litecoin
5/15/2020,41.93,44.12,44,42.74,749677.9,32333062.31,LTC,https://www.cryptocompare.com/media/35309662/ltc.png,Litecoin
5/16/2020,42.84,43.49,42.75,43.27,1227160.37,53104676.33,LTC,https://www.cryptocompare.com/media/35309662/ltc.png,Litecoin
5/17/2020,43.11,44.48,43.25,43.69,605664.04,26626405.66,LTC,https://www.cryptocompare.com/media/35309662/ltc.png,Litecoin
5/18/2020,43.65,46.79,43.69,45.31,1058052.67,47993040.37,LTC,https://www.cryptocompare.com/media/35309662/ltc.png,Litecoin
5/19/2020,44.15,45.79,45.31,45.75,679944.07,30539712.5,LTC,https://www.cryptocompare.com/media/35309662/ltc.png,Litecoin
5/20/2020,43.14,46.14,45.75,44.21,725196.79,32591158.7,LTC,https://www.cryptocompare.com/media/35309662/ltc.png,Litecoin
5/21/2020,41.71,44.59,44.21,42.67,691919.87,29880627.54,LTC,https://www.cryptocompare.com/media/35309662/ltc.png,Litecoin
5/22/2020,42.37,44.65,42.67,44.22,646648.88,28204295.56,LTC,https://www.cryptocompare.com/media/35309662/ltc.png,Litecoin
5/23/2020,43.7,44.72,44.22,43.86,394485.83,17413728.55,LTC,https://www.cryptocompare.com/media/35309662/ltc.png,Litecoin
5/24/2020,41.53,42.27,43.88,42.1,994576.1,41873233.41,LTC,https://www.cryptocompare.com/media/35309662/ltc.png,Litecoin
5/25/2020,42.82,43.72,42.1,42.98,940969.65,40439436.73,LTC,https://www.cryptocompare.com/media/35309662/ltc.png,Litecoin
5/26/2020,42.08,42.77,42.98,42.29,779500.9,32968522.09,LTC,https://www.cryptocompare.com/media/35309662/ltc.png,Litecoin
5/27/2020,43.72,44.31,42.29,43.88,719190.47,31556944.05,LTC,https://www.cryptocompare.com/media/35309662/ltc.png,Litecoin
5/28/2020,44.56,45.71,43.88,44.78,695253.78,31130380.5,LTC,https://www.cryptocompare.com/media/35309662/ltc.png,Litecoin
5/29/2020,43.99,44.84,44.78,44.47,757176.57,33675262.72,LTC,https://www.cryptocompare.com/media/35309662/ltc.png,Litecoin
5/30/2020,45.73,48.31,44.47,47.74,1050659.05,50160897.59,LTC,https://www.cryptocompare.com/media/35309662/ltc.png,Litecoin
5/31/2020,45.41,46.87,47.74,45.58,1037217.69,47275984.86,LTC,https://www.cryptocompare.com/media/35309662/ltc.png,Litecoin
6/1/2020,47.98,50.3,45.58,48.32,1227324.47,59303754.26,LTC,https://www.cryptocompare.com/media/35309662/ltc.png,Litecoin
6/2/2020,44.85,46.96,48.32,46.01,1512105.07,69570799.4,LTC,https://www.cryptocompare.com/media/35309662/ltc.png,Litecoin
6/3/2020,46.47,47.9,46.01,47.17,933221.15,44020389.55,LTC,https://www.cryptocompare.com/media/35309662/ltc.png,Litecoin
6/4/2020,46.97,48.67,47.17,47.47,614504.72,29173110.05,LTC,https://www.cryptocompare.com/media/35309662/ltc.png,Litecoin
6/5/2020,46.36,46.97,47.47,46.81,520858.73,24381984.32,LTC,https://www.cryptocompare.com/media/35309662/ltc.png,Litecoin
6/6/2020,46.69,47.17,46.81,46.8,427680.86,20015547.62,LTC,https://www.cryptocompare.com/media/35309662/ltc.png,Litecoin
6/7/2020,46.59,47.23,46.8,46.64,505073.21,23555401.38,LTC,https://www.cryptocompare.com/media/35309662/ltc.png,Litecoin
6/8/2020,46.4,47.02,46.64,46.45,779944.17,36226604.9,LTC,https://www.cryptocompare.com/media/35309662/ltc.png,Litecoin
6/9/2020,45.71,46.72,46.45,45.94,488616.21,22444708.2,LTC,https://www.cryptocompare.com/media/35309662/ltc.png,Litecoin
6/10/2020,45.66,47.13,45.91,46.69,254039.64,11770990.8,LTC,https://www.cryptocompare.com/media/35309662/ltc.png,Litecoin
6/11/2020,42.15,46.95,46.69,43.2,411471.2,18398763.7,LTC,https://www.cryptocompare.com/media/35309662/ltc.png,Litecoin
6/12/2020,42.82,45.31,43.2,44.71,267308.18,11839705.73,LTC,https://www.cryptocompare.com/media/35309662/ltc.png,Litecoin
6/13/2020,44.65,45.23,44.72,45.1,485238.26,21883922.36,LTC,https://www.cryptocompare.com/media/35309662/ltc.png,Litecoin
6/14/2020,43.84,44.44,45.1,44,573819.22,25247507.32,LTC,https://www.cryptocompare.com/media/35309662/ltc.png,Litecoin
6/15/2020,43.57,44.47,44,43.76,779483.37,34112535.13,LTC,https://www.cryptocompare.com/media/35309662/ltc.png,Litecoin
6/16/2020,43.71,44.28,43.76,43.88,631034.78,27689793.65,LTC,https://www.cryptocompare.com/media/35309662/ltc.png,Litecoin
6/17/2020,43.53,44.77,43.88,44.04,828869.57,36504832.63,LTC,https://www.cryptocompare.com/media/35309662/ltc.png,Litecoin
6/18/2020,43.22,43.88,44.04,43.41,784581.94,34061636.95,LTC,https://www.cryptocompare.com/media/35309662/ltc.png,Litecoin
6/19/2020,42.81,43.29,43.41,42.84,993051.42,42546522.43,LTC,https://www.cryptocompare.com/media/35309662/ltc.png,Litecoin
6/20/2020,43.01,43.7,42.84,43.58,667584.25,29090879.65,LTC,https://www.cryptocompare.com/media/35309662/ltc.png,Litecoin
6/21/2020,42.86,43.4,43.58,43,463849.4,19944518.51,LTC,https://www.cryptocompare.com/media/35309662/ltc.png,Litecoin
6/22/2020,44.3,45.11,43,44.34,674876.7,29923436.12,LTC,https://www.cryptocompare.com/media/35309662/ltc.png,Litecoin
6/23/2020,43.93,44.36,44.34,44.18,461549.36,20389190.83,LTC,https://www.cryptocompare.com/media/35309662/ltc.png,Litecoin
6/24/2020,42.27,42.94,44.18,42.62,633868.51,27013842.32,LTC,https://www.cryptocompare.com/media/35309662/ltc.png,Litecoin
6/25/2020,42.11,42.89,42.62,42.33,567934.27,24037957.46,LTC,https://www.cryptocompare.com/media/35309662/ltc.png,Litecoin
6/26/2020,41.63,43.3,42.33,43.08,1139775.96,49101048.31,LTC,https://www.cryptocompare.com/media/35309662/ltc.png,Litecoin
6/27/2020,40.13,42.44,43.08,41.04,666332.74,27343983.37,LTC,https://www.cryptocompare.com/media/35309662/ltc.png,Litecoin
6/28/2020,41.22,41.77,41.04,41.36,529095.63,21883907.77,LTC,https://www.cryptocompare.com/media/35309662/ltc.png,Litecoin
6/29/2020,41.17,42.1,41.36,41.87,871682.65,36493410.8,LTC,https://www.cryptocompare.com/media/35309662/ltc.png,Litecoin
6/30/2020,40.92,41.75,41.87,41.17,523977.9,21571611.49,LTC,https://www.cryptocompare.com/media/35309662/ltc.png,Litecoin
7/1/2020,41.59,41.96,41.17,41.8,461868.44,19304594.34,LTC,https://www.cryptocompare.com/media/35309662/ltc.png,Litecoin
7/2/2020,40.84,41.21,41.8,41.06,564197.56,23167692.25,LTC,https://www.cryptocompare.com/media/35309662/ltc.png,Litecoin
7/3/2020,40.87,41.42,41.06,41.17,490364.16,20188682.24,LTC,https://www.cryptocompare.com/media/35309662/ltc.png,Litecoin
7/4/2020,41.49,42.22,41.17,42.14,593994.36,25028783.83,LTC,https://www.cryptocompare.com/media/35309662/ltc.png,Litecoin
7/5/2020,41.37,41.93,42.14,41.65,470055.33,19576621.76,LTC,https://www.cryptocompare.com/media/35309662/ltc.png,Litecoin
7/6/2020,42.81,44.2,41.65,44.07,783817.69,34543896.5,LTC,https://www.cryptocompare.com/media/35309662/ltc.png,Litecoin
7/7/2020,43.19,43.91,44.07,43.39,655294.16,28432596.87,LTC,https://www.cryptocompare.com/media/35309662/ltc.png,Litecoin
7/8/2020,44.07,46.06,43.39,45.36,1044028.1,47352266.15,LTC,https://www.cryptocompare.com/media/35309662/ltc.png,Litecoin
7/9/2020,43.82,44.97,45.36,44.37,887452.32,39380409.92,LTC,https://www.cryptocompare.com/media/35309662/ltc.png,Litecoin
7/10/2020,44.28,45.04,44.37,44.31,598269.13,26507198.58,LTC,https://www.cryptocompare.com/media/35309662/ltc.png,Litecoin
7/11/2020,44.04,44.74,44.31,44.7,441417.51,19730688.24,LTC,https://www.cryptocompare.com/media/35309662/ltc.png,Litecoin
7/12/2020,44.35,45.31,44.7,44.73,554370.05,24796012.47,LTC,https://www.cryptocompare.com/media/35309662/ltc.png,Litecoin
7/13/2020,42.97,45.26,44.73,43.91,829208.44,36408628.1,LTC,https://www.cryptocompare.com/media/35309662/ltc.png,Litecoin
7/14/2020,43.3,44.05,43.91,43.89,633864.45,27821758.42,LTC,https://www.cryptocompare.com/media/35309662/ltc.png,Litecoin
7/15/2020,42.96,43.66,43.89,43.3,542037.91,23470277.39,LTC,https://www.cryptocompare.com/media/35309662/ltc.png,Litecoin
7/16/2020,41.3,43.04,43.3,42.08,741139.7,31184779.97,LTC,https://www.cryptocompare.com/media/35309662/ltc.png,Litecoin
7/17/2020,41.86,42.35,42.08,41.92,384179,16104700.94,LTC,https://www.cryptocompare.com/media/35309662/ltc.png,Litecoin
7/18/2020,41.96,42.81,41.92,42.5,324702.67,13799767.95,LTC,https://www.cryptocompare.com/media/35309662/ltc.png,Litecoin
7/19/2020,42.32,42.83,42.5,42.68,314289.01,13413662.8,LTC,https://www.cryptocompare.com/media/35309662/ltc.png,Litecoin
7/20/2020,41.53,42.6,42.68,41.98,357857.55,15023650.11,LTC,https://www.cryptocompare.com/media/35309662/ltc.png,Litecoin
7/21/2020,42.96,44.27,41.98,43.79,564262.93,24708720.17,LTC,https://www.cryptocompare.com/media/35309662/ltc.png,Litecoin
7/22/2020,44.32,45.18,43.79,45.05,507343.87,22857831.02,LTC,https://www.cryptocompare.com/media/35309662/ltc.png,Litecoin
7/23/2020,44.93,46.06,45.05,44.99,722800.88,32518499.04,LTC,https://www.cryptocompare.com/media/35309662/ltc.png,Litecoin
7/24/2020,44.15,44.82,44.99,44.17,645968.83,28532322.91,LTC,https://www.cryptocompare.com/media/35309662/ltc.png,Litecoin
7/25/2020,44.12,49.58,44.18,49.18,824763.35,39305511.95,LTC,https://www.cryptocompare.com/media/35309662/ltc.png,Litecoin
7/26/2020,47.96,51.69,49.18,48.14,1568633.65,75512788.49,LTC,https://www.cryptocompare.com/media/35309662/ltc.png,Litecoin
7/27/2020,47,55.97,48.13,53.35,1291087.92,66318579.4,LTC,https://www.cryptocompare.com/media/35309662/ltc.png,Litecoin
7/28/2020,52.42,57.36,53.35,55.87,2354779.19,131559061.1,LTC,https://www.cryptocompare.com/media/35309662/ltc.png,Litecoin
7/29/2020,54.79,57.24,55.87,55.22,1414148.12,78083216.19,LTC,https://www.cryptocompare.com/media/35309662/ltc.png,Litecoin
7/30/2020,54.76,58.95,55.22,56.78,1672339.6,94954922.29,LTC,https://www.cryptocompare.com/media/35309662/ltc.png,Litecoin
7/31/2020,57.56,59.52,56.78,58.23,1195499.62,69611672.48,LTC,https://www.cryptocompare.com/media/35309662/ltc.png,Litecoin
8/1/2020,59.68,62.57,58.23,61.7,1764973.59,108892286.6,LTC,https://www.cryptocompare.com/media/35309662/ltc.png,Litecoin
8/2/2020,55.25,60.16,61.7,56.74,2102356.66,119297580.1,LTC,https://www.cryptocompare.com/media/35309662/ltc.png,Litecoin
8/3/2020,57.23,58.79,56.74,58.54,1144886.19,67026420.93,LTC,https://www.cryptocompare.com/media/35309662/ltc.png,Litecoin
8/4/2020,57.05,58.55,58.54,57.63,927978.08,53477185.46,LTC,https://www.cryptocompare.com/media/35309662/ltc.png,Litecoin
8/5/2020,58.82,60.96,57.63,58.92,968513.8,57069461.33,LTC,https://www.cryptocompare.com/media/35309662/ltc.png,Litecoin
8/6/2020,58.34,60.25,58.92,59.09,984958.49,58202945.87,LTC,https://www.cryptocompare.com/media/35309662/ltc.png,Litecoin
8/7/2020,55.22,61.01,59.09,57.21,566731.52,33174990.67,LTC,https://www.cryptocompare.com/media/35309662/ltc.png,Litecoin
8/8/2020,56.53,58.55,57.21,58.41,250695.88,14466622.53,LTC,https://www.cryptocompare.com/media/35309662/ltc.png,Litecoin
8/9/2020,56.17,58.68,58.41,56.97,237957.69,13646511.57,LTC,https://www.cryptocompare.com/media/35309662/ltc.png,Litecoin
8/10/2020,57.35,59.26,56.98,58.33,894996.83,52207851.19,LTC,https://www.cryptocompare.com/media/35309662/ltc.png,Litecoin
8/11/2020,52.55,59.68,58.32,54.12,554127.52,31075004.21,LTC,https://www.cryptocompare.com/media/35309662/ltc.png,Litecoin
8/12/2020,51.7,55.05,54.12,54.55,353772.16,19160416.36,LTC,https://www.cryptocompare.com/media/35309662/ltc.png,Litecoin
8/13/2020,54.24,57.51,54.52,57.17,876747.63,50126298.67,LTC,https://www.cryptocompare.com/media/35309662/ltc.png,Litecoin
8/14/2020,55.95,57.91,57.19,56.81,401671.6,22820646.58,LTC,https://www.cryptocompare.com/media/35309662/ltc.png,Litecoin
8/15/2020,56.78,60.87,56.81,59.92,638969.54,37653946.1,LTC,https://www.cryptocompare.com/media/35309662/ltc.png,Litecoin
8/16/2020,58.41,64.56,59.92,63.92,727932.61,44941848.45,LTC,https://www.cryptocompare.com/media/35309662/ltc.png,Litecoin
8/17/2020,61.49,68.96,63.92,67.29,1159068.54,75986629.52,LTC,https://www.cryptocompare.com/media/35309662/ltc.png,Litecoin
8/18/2020,63.69,68.45,67.29,65.51,927086.31,61569942.24,LTC,https://www.cryptocompare.com/media/35309662/ltc.png,Litecoin
8/19/2020,58.88,67.12,65.51,62.11,802707.22,50099948.39,LTC,https://www.cryptocompare.com/media/35309662/ltc.png,Litecoin
8/20/2020,61.08,63.66,62.11,62.82,778795.64,48796344.62,LTC,https://www.cryptocompare.com/media/35309662/ltc.png,Litecoin
8/21/2020,58.82,63.83,62.82,59.16,976042.15,59943035.43,LTC,https://www.cryptocompare.com/media/35309662/ltc.png,Litecoin
8/22/2020,57.8,60.5,59.16,60.25,801960.58,47596625.26,LTC,https://www.cryptocompare.com/media/35309662/ltc.png,Litecoin
8/23/2020,58.06,61.59,60.25,60.55,626203.02,37337741.41,LTC,https://www.cryptocompare.com/media/35309662/ltc.png,Litecoin
8/24/2020,60.01,63,60.55,62.11,734103.15,45442241.68,LTC,https://www.cryptocompare.com/media/35309662/ltc.png,Litecoin
8/25/2020,56.72,62.27,62.11,58.44,557908.43,33350143.27,LTC,https://www.cryptocompare.com/media/35309662/ltc.png,Litecoin
8/26/2020,57.88,59.09,58.39,58.15,806259.57,46882864.58,LTC,https://www.cryptocompare.com/media/35309662/ltc.png,Litecoin
8/27/2020,55.05,58.01,58.15,56.11,1005665.97,56429135.48,LTC,https://www.cryptocompare.com/media/35309662/ltc.png,Litecoin
8/28/2020,56.58,58.39,56.11,57.42,953119.3,54730278.91,LTC,https://www.cryptocompare.com/media/35309662/ltc.png,Litecoin
8/29/2020,56.98,57.92,57.42,57.15,556475.68,31802490.2,LTC,https://www.cryptocompare.com/media/35309662/ltc.png,Litecoin
8/30/2020,56.97,62.93,57.01,62.9,546969.19,33132065.65,LTC,https://www.cryptocompare.com/media/35309662/ltc.png,Litecoin
8/31/2020,60.5,63.29,62.91,60.99,1029436.75,62789117.1,LTC,https://www.cryptocompare.com/media/35309662/ltc.png,Litecoin
9/1/2020,61.74,63.84,60.99,62.73,1119590.88,70236850.23,LTC,https://www.cryptocompare.com/media/35309662/ltc.png,Litecoin
9/2/2020,57.64,60.58,62.73,58.1,943453.06,54809996.38,LTC,https://www.cryptocompare.com/media/35309662/ltc.png,Litecoin
9/3/2020,45.81,58.65,58.1,48.37,830270.75,44703604.43,LTC,https://www.cryptocompare.com/media/35309662/ltc.png,Litecoin
9/4/2020,47.01,52.35,48.37,50.48,500849.82,24842387.04,LTC,https://www.cryptocompare.com/media/35309662/ltc.png,Litecoin
9/5/2020,45.46,51.3,50.48,47.77,632360.78,30550877.38,LTC,https://www.cryptocompare.com/media/35309662/ltc.png,Litecoin
9/6/2020,47.41,49.05,47.8,47.95,716360.62,34347134.19,LTC,https://www.cryptocompare.com/media/35309662/ltc.png,Litecoin
9/7/2020,47.43,49.56,47.95,48.85,902712.61,44101419.35,LTC,https://www.cryptocompare.com/media/35309662/ltc.png,Litecoin
9/8/2020,46.99,48.32,48.85,47.45,889953.07,42230239.88,LTC,https://www.cryptocompare.com/media/35309662/ltc.png,Litecoin
9/9/2020,47.68,48.38,47.45,47.86,903340.42,43234585.37,LTC,https://www.cryptocompare.com/media/35309662/ltc.png,Litecoin
9/10/2020,48.28,49.26,47.86,48.7,831116.52,40472977.38,LTC,https://www.cryptocompare.com/media/35309662/ltc.png,Litecoin
9/11/2020,48.32,49.57,48.7,49.02,838122.26,41083520.31,LTC,https://www.cryptocompare.com/media/35309662/ltc.png,Litecoin
9/12/2020,49.11,51.15,49.02,50.85,1122236.78,57066207.11,LTC,https://www.cryptocompare.com/media/35309662/ltc.png,Litecoin
9/13/2020,47.76,50.36,50.85,48.15,842901.9,40584712.98,LTC,https://www.cryptocompare.com/media/35309662/ltc.png,Litecoin
9/14/2020,48.62,49.77,48.15,49.12,1094257.94,53750197.32,LTC,https://www.cryptocompare.com/media/35309662/ltc.png,Litecoin
9/15/2020,48.26,50.2,49.12,48.31,948296.17,45815629.62,LTC,https://www.cryptocompare.com/media/35309662/ltc.png,Litecoin
9/16/2020,47.73,49.08,48.31,47.76,927782.36,44312740.06,LTC,https://www.cryptocompare.com/media/35309662/ltc.png,Litecoin
9/17/2020,47.7,49.38,47.76,48.88,686026.67,33533666.39,LTC,https://www.cryptocompare.com/media/35309662/ltc.png,Litecoin
9/18/2020,48.07,48.97,48.88,48.54,959780.02,46589983.24,LTC,https://www.cryptocompare.com/media/35309662/ltc.png,Litecoin
9/19/2020,48.42,49.2,48.54,48.52,767736.82,37253695.68,LTC,https://www.cryptocompare.com/media/35309662/ltc.png,Litecoin
9/20/2020,46.75,48.13,48.52,47.1,695431.96,32751380.12,LTC,https://www.cryptocompare.com/media/35309662/ltc.png,Litecoin
9/21/2020,42.42,45.21,47.1,43.14,878971.17,37920150.32,LTC,https://www.cryptocompare.com/media/35309662/ltc.png,Litecoin
9/22/2020,43.48,44.7,43.14,44.5,626959.59,27898886.41,LTC,https://www.cryptocompare.com/media/35309662/ltc.png,Litecoin
9/23/2020,42.77,43.93,44.5,42.96,500458.22,21499197.5,LTC,https://www.cryptocompare.com/media/35309662/ltc.png,Litecoin
9/24/2020,44.84,45.81,42.96,44.97,452228.73,20336777.67,LTC,https://www.cryptocompare.com/media/35309662/ltc.png,Litecoin
9/25/2020,44.34,46.65,44.97,46.03,571976.96,26326665.23,LTC,https://www.cryptocompare.com/media/35309662/ltc.png,Litecoin
9/26/2020,45.47,46.52,46.03,46.03,360970.03,16614865.07,LTC,https://www.cryptocompare.com/media/35309662/ltc.png,Litecoin
9/27/2020,45.39,46.57,46.03,46.09,418695.12,19297986.44,LTC,https://www.cryptocompare.com/media/35309662/ltc.png,Litecoin
9/28/2020,45.02,46.1,46.09,45.25,586187.17,26522666.31,LTC,https://www.cryptocompare.com/media/35309662/ltc.png,Litecoin
9/29/2020,45.59,46.3,45.25,45.7,609257.1,27840635.2,LTC,https://www.cryptocompare.com/media/35309662/ltc.png,Litecoin
9/30/2020,45.33,46.62,45.7,46.27,753708.07,34870507.84,LTC,https://www.cryptocompare.com/media/35309662/ltc.png,Litecoin
10/1/2020,45.48,47.39,46.27,46.27,876707.46,40567773.17,LTC,https://www.cryptocompare.com/media/35309662/ltc.png,Litecoin
10/2/2020,44.41,46.6,46.27,44.94,827700.78,37196991.71,LTC,https://www.cryptocompare.com/media/35309662/ltc.png,Litecoin
10/3/2020,44.8,45.88,44.94,45.56,628545.32,28638855.88,LTC,https://www.cryptocompare.com/media/35309662/ltc.png,Litecoin
10/4/2020,45.93,46.96,45.56,46.72,837501.56,39124786.13,LTC,https://www.cryptocompare.com/media/35309662/ltc.png,Litecoin
10/5/2020,46.03,47.34,46.72,46.35,718672.45,33313488.16,LTC,https://www.cryptocompare.com/media/35309662/ltc.png,Litecoin
10/6/2020,45.4,47.59,46.35,46,942754.34,43366433.97,LTC,https://www.cryptocompare.com/media/35309662/ltc.png,Litecoin
10/7/2020,45.57,46.93,46,46.6,738015,34389194.34,LTC,https://www.cryptocompare.com/media/35309662/ltc.png,Litecoin
10/8/2020,47.11,47.79,46.6,47.24,745992.54,35238350.25,LTC,https://www.cryptocompare.com/media/35309662/ltc.png,Litecoin
10/9/2020,47.48,48.04,47.24,47.8,806212.29,38533760.63,LTC,https://www.cryptocompare.com/media/35309662/ltc.png,Litecoin
10/10/2020,48.36,49.86,47.8,48.89,696485.9,34051607.85,LTC,https://www.cryptocompare.com/media/35309662/ltc.png,Litecoin
10/11/2020,49.11,51.06,48.89,50.53,702034.11,35473794.4,LTC,https://www.cryptocompare.com/media/35309662/ltc.png,Litecoin
10/12/2020,50.45,51.56,50.53,50.62,742899.06,37609210.77,LTC,https://www.cryptocompare.com/media/35309662/ltc.png,Litecoin
10/13/2020,49.34,50.2,50.62,49.95,555618,27752388.23,LTC,https://www.cryptocompare.com/media/35309662/ltc.png,Litecoin
10/14/2020,49.64,50.8,49.95,49.84,530513.61,26442483.92,LTC,https://www.cryptocompare.com/media/35309662/ltc.png,Litecoin
10/15/2020,49.35,50.73,49.84,49.57,537801.07,26656804.43,LTC,https://www.cryptocompare.com/media/35309662/ltc.png,Litecoin
10/16/2020,46.17,48.99,49.57,47.64,730902.51,34818885.43,LTC,https://www.cryptocompare.com/media/35309662/ltc.png,Litecoin
10/17/2020,46.7,47.82,47.64,46.96,481466.06,22609531.66,LTC,https://www.cryptocompare.com/media/35309662/ltc.png,Litecoin
10/18/2020,47.49,48,46.96,47.58,329030.35,15656775.25,LTC,https://www.cryptocompare.com/media/35309662/ltc.png,Litecoin
10/19/2020,48,48.6,47.58,48.03,465002.26,22332596.02,LTC,https://www.cryptocompare.com/media/35309662/ltc.png,Litecoin
10/20/2020,46.46,49.07,48.03,46.92,514687.91,24151280.38,LTC,https://www.cryptocompare.com/media/35309662/ltc.png,Litecoin
10/21/2020,46.91,55.08,46.93,53.14,926503.81,47677510.5,LTC,https://www.cryptocompare.com/media/35309662/ltc.png,Litecoin
10/22/2020,53.83,57.16,53.1,54.46,1591845.18,86684133.03,LTC,https://www.cryptocompare.com/media/35309662/ltc.png,Litecoin
10/23/2020,53.52,56.65,54.46,55.45,1146900.93,63594325.25,LTC,https://www.cryptocompare.com/media/35309662/ltc.png,Litecoin
10/24/2020,55.89,59.84,55.45,59.28,1272903,75454638.79,LTC,https://www.cryptocompare.com/media/35309662/ltc.png,Litecoin
10/25/2020,57,60.13,59.28,58.87,1142203.83,67239280.12,LTC,https://www.cryptocompare.com/media/35309662/ltc.png,Litecoin
10/26/2020,56.2,59.22,58.87,56.88,1090529.76,62027325.48,LTC,https://www.cryptocompare.com/media/35309662/ltc.png,Litecoin
10/27/2020,57.27,60.6,56.88,57.95,800335.15,46383141.05,LTC,https://www.cryptocompare.com/media/35309662/ltc.png,Litecoin
10/28/2020,55.38,58.52,57.95,55.84,590756.94,32988418.06,LTC,https://www.cryptocompare.com/media/35309662/ltc.png,Litecoin
10/29/2020,54.48,57.28,55.84,54.94,633894.61,34825635.23,LTC,https://www.cryptocompare.com/media/35309662/ltc.png,Litecoin
10/30/2020,53.69,55.99,54.94,54.07,885000.43,47855404.13,LTC,https://www.cryptocompare.com/media/35309662/ltc.png,Litecoin
10/31/2020,54.68,56.11,54.07,55.79,892937.54,49820006.36,LTC,https://www.cryptocompare.com/media/35309662/ltc.png,Litecoin
11/1/2020,54.48,55.89,55.79,55.64,676250.28,37625641.79,LTC,https://www.cryptocompare.com/media/35309662/ltc.png,Litecoin
11/2/2020,53.63,55.75,55.64,53.89,789768.14,42561706.03,LTC,https://www.cryptocompare.com/media/35309662/ltc.png,Litecoin
11/3/2020,52.59,56.11,53.89,53.99,394510.08,21300211.89,LTC,https://www.cryptocompare.com/media/35309662/ltc.png,Litecoin
11/4/2020,53.22,55.29,53.99,54.78,450019.06,24650359.85,LTC,https://www.cryptocompare.com/media/35309662/ltc.png,Litecoin
11/5/2020,54.71,59.68,54.71,59,263635.36,15098131.55,LTC,https://www.cryptocompare.com/media/35309662/ltc.png,Litecoin
11/6/2020,58.71,63.67,59,63.36,418071.05,25696084.21,LTC,https://www.cryptocompare.com/media/35309662/ltc.png,Litecoin
11/7/2020,57.27,64.7,63.36,58.98,366048.51,22503718.44,LTC,https://www.cryptocompare.com/media/35309662/ltc.png,Litecoin
11/8/2020,58.71,62,58.98,61,187767.53,11333199.87,LTC,https://www.cryptocompare.com/media/35309662/ltc.png,Litecoin
11/9/2020,57.49,61.7,61,59.24,229145.64,13661936.57,LTC,https://www.cryptocompare.com/media/35309662/ltc.png,Litecoin
11/10/2020,57.21,59.62,59.24,57.96,214624.85,12515879.97,LTC,https://www.cryptocompare.com/media/35309662/ltc.png,Litecoin
11/11/2020,57.91,60.59,57.96,59.33,405382.15,24184220.08,LTC,https://www.cryptocompare.com/media/35309662/ltc.png,Litecoin
11/12/2020,57.73,60.79,59.33,60.75,417583.95,24624655.19,LTC,https://www.cryptocompare.com/media/35309662/ltc.png,Litecoin
11/13/2020,60.45,67.05,60.81,65.94,2067879.82,136347135.4,LTC,https://www.cryptocompare.com/media/35309662/ltc.png,Litecoin
11/14/2020,63.11,65.25,65.94,63.87,1105442.89,70604360.31,LTC,https://www.cryptocompare.com/media/35309662/ltc.png,Litecoin
11/15/2020,61.77,63.92,63.87,62.34,660016.83,41146870.53,LTC,https://www.cryptocompare.com/media/35309662/ltc.png,Litecoin
11/16/2020,62.18,74.58,62.36,73.84,1294427.63,89829616.15,LTC,https://www.cryptocompare.com/media/35309662/ltc.png,Litecoin
11/17/2020,73.11,79.9,73.89,76.4,2342678.74,178985187.3,LTC,https://www.cryptocompare.com/media/35309662/ltc.png,Litecoin
11/18/2020,68.56,77.13,76.39,73.52,1057099.95,77245625.97,LTC,https://www.cryptocompare.com/media/35309662/ltc.png,Litecoin
11/19/2020,71.54,83.47,73.52,81.65,1455902.36,114184671.8,LTC,https://www.cryptocompare.com/media/35309662/ltc.png,Litecoin
11/20/2020,80.15,85.66,81.65,82.62,1151910.32,95127667.38,LTC,https://www.cryptocompare.com/media/35309662/ltc.png,Litecoin
11/21/2020,80.53,88.44,82.62,87.17,1337660.66,112910278.4,LTC,https://www.cryptocompare.com/media/35309662/ltc.png,Litecoin
11/22/2020,78.56,87.95,87.17,82.95,1087772.71,91186754.22,LTC,https://www.cryptocompare.com/media/35309662/ltc.png,Litecoin
11/23/2020,80.9,90.89,82.95,89.14,1437185.79,124889610,LTC,https://www.cryptocompare.com/media/35309662/ltc.png,Litecoin
11/24/2020,86.29,93.97,89.14,89.3,1487577.21,133554057.5,LTC,https://www.cryptocompare.com/media/35309662/ltc.png,Litecoin
11/25/2020,78.31,90.66,89.3,81.77,1006402.73,86556944.23,LTC,https://www.cryptocompare.com/media/35309662/ltc.png,Litecoin
11/26/2020,64.65,83.21,81.77,71.03,1880320.69,135853651.8,LTC,https://www.cryptocompare.com/media/35309662/ltc.png,Litecoin
11/27/2020,65.44,73.53,71.03,69.19,1236137.29,85459671.17,LTC,https://www.cryptocompare.com/media/35309662/ltc.png,Litecoin
11/28/2020,68.41,74.97,69.19,72.75,949192.65,68144692.35,LTC,https://www.cryptocompare.com/media/35309662/ltc.png,Litecoin
11/29/2020,74.22,80.64,72.75,79.02,1892901.79,149579099.6,LTC,https://www.cryptocompare.com/media/35309662/ltc.png,Litecoin
11/30/2020,76.84,88.4,78.98,87.67,1375213.91,114339625.9,LTC,https://www.cryptocompare.com/media/35309662/ltc.png,Litecoin
12/1/2020,80.08,92.91,87.67,85.16,2252551.78,197272726,LTC,https://www.cryptocompare.com/media/35309662/ltc.png,Litecoin
12/2/2020,83.03,90.63,85.16,89.04,1256843.01,109385061.7,LTC,https://www.cryptocompare.com/media/35309662/ltc.png,Litecoin
12/3/2020,85.58,91.26,89.04,89.08,906741.86,80362893.53,LTC,https://www.cryptocompare.com/media/35309662/ltc.png,Litecoin
12/4/2020,78.04,89.86,89.08,79.68,923032.01,78111683.33,LTC,https://www.cryptocompare.com/media/35309662/ltc.png,Litecoin
12/5/2020,78.74,84.29,79.68,83.17,546650.87,44835840.77,LTC,https://www.cryptocompare.com/media/35309662/ltc.png,Litecoin
12/6/2020,80.4,85.16,83.17,83.68,437464.03,36332676.31,LTC,https://www.cryptocompare.com/media/35309662/ltc.png,Litecoin
12/7/2020,81.81,86.82,83.68,83.47,563024.28,47235868.11,LTC,https://www.cryptocompare.com/media/35309662/ltc.png,Litecoin
12/8/2020,75.58,84.77,83.47,76.74,765989.26,61012853.29,LTC,https://www.cryptocompare.com/media/35309662/ltc.png,Litecoin
12/9/2020,72.23,78.16,76.74,77.45,858011.79,65221756.53,LTC,https://www.cryptocompare.com/media/35309662/ltc.png,Litecoin
12/10/2020,74.12,76.32,77.43,74.7,916423.74,68456096.15,LTC,https://www.cryptocompare.com/media/35309662/ltc.png,Litecoin
12/11/2020,70.04,75.03,74.68,72.17,828629.94,59546397.02,LTC,https://www.cryptocompare.com/media/35309662/ltc.png,Litecoin
12/12/2020,75.22,77.52,72.19,76.69,993895.06,76221671.5,LTC,https://www.cryptocompare.com/media/35309662/ltc.png,Litecoin
12/13/2020,75.62,84.31,76.65,82.22,680931.01,54781896.48,LTC,https://www.cryptocompare.com/media/35309662/ltc.png,Litecoin
12/14/2020,79.18,82.97,82.22,82.36,569212.9,46244608.4,LTC,https://www.cryptocompare.com/media/35309662/ltc.png,Litecoin
12/15/2020,80.48,84.88,82.36,81.37,715751.91,58947328.27,LTC,https://www.cryptocompare.com/media/35309662/ltc.png,Litecoin
12/16/2020,78.57,93.19,81.37,93.1,1584823.21,137340007.8,LTC,https://www.cryptocompare.com/media/35309662/ltc.png,Litecoin
12/17/2020,90.48,109.77,93.1,101.13,2660393.5,266887441.2,LTC,https://www.cryptocompare.com/media/35309662/ltc.png,Litecoin
12/18/2020,99.33,112.78,101.13,109.44,1834417.74,197496854.4,LTC,https://www.cryptocompare.com/media/35309662/ltc.png,Litecoin
12/19/2020,105.47,124.29,109.44,119.98,1746688.04,202264988.1,LTC,https://www.cryptocompare.com/media/35309662/ltc.png,Litecoin
12/20/2020,109.89,123.14,119.98,114.69,1842863.49,215486578.6,LTC,https://www.cryptocompare.com/media/35309662/ltc.png,Litecoin
12/21/2020,100.71,118.69,114.69,104.53,2012207.68,217289007.3,LTC,https://www.cryptocompare.com/media/35309662/ltc.png,Litecoin
12/22/2020,98.38,114.55,104.53,114.45,1913257.79,204917854,LTC,https://www.cryptocompare.com/media/35309662/ltc.png,Litecoin
12/23/2020,95.35,117.2,114.45,102.39,2514174.14,269985576.5,LTC,https://www.cryptocompare.com/media/35309662/ltc.png,Litecoin
12/24/2020,98.67,112.26,102.39,111.26,1579762.44,165646552.9,LTC,https://www.cryptocompare.com/media/35309662/ltc.png,Litecoin
12/25/2020,108.32,128.49,111.26,127.63,1960081.82,233083281.1,LTC,https://www.cryptocompare.com/media/35309662/ltc.png,Litecoin
12/26/2020,124.9,134.93,127.63,129.5,2048266.67,266884584.2,LTC,https://www.cryptocompare.com/media/35309662/ltc.png,Litecoin
12/27/2020,121.67,139.22,129.5,127.66,2680583.37,352297938.5,LTC,https://www.cryptocompare.com/media/35309662/ltc.png,Litecoin
12/28/2020,126.38,136.99,127.66,129.7,1354413.94,178191635.7,LTC,https://www.cryptocompare.com/media/35309662/ltc.png,Litecoin
12/29/2020,120.06,130.65,129.7,128.68,1102009.92,138554332.5,LTC,https://www.cryptocompare.com/media/35309662/ltc.png,Litecoin
12/30/2020,122.79,132.88,128.68,130.04,1099291.31,140699275.2,LTC,https://www.cryptocompare.com/media/35309662/ltc.png,Litecoin
12/31/2020,122.09,130.32,130.04,124.38,842510.32,105772380.1,LTC,https://www.cryptocompare.com/media/35309662/ltc.png,Litecoin
1/1/2021,123.16,134.07,124.38,126.49,994192.19,127656503.4,LTC,https://www.cryptocompare.com/media/35309662/ltc.png,Litecoin
1/2/2021,123.65,141.72,126.49,136.99,1847853.21,246193745.3,LTC,https://www.cryptocompare.com/media/35309662/ltc.png,Litecoin
1/3/2021,135.51,164.65,136.99,161.35,2617045.58,392291287.9,LTC,https://www.cryptocompare.com/media/35309662/ltc.png,Litecoin
1/4/2021,140.8,173.8,161.35,155.52,2529372.56,394314853.5,LTC,https://www.cryptocompare.com/media/35309662/ltc.png,Litecoin
1/5/2021,146.89,163.18,155.52,158.85,1566584.59,243261770.2,LTC,https://www.cryptocompare.com/media/35309662/ltc.png,Litecoin
1/6/2021,155.31,169.83,158.85,169.27,1644531.94,268643787.9,LTC,https://www.cryptocompare.com/media/35309662/ltc.png,Litecoin
1/7/2021,162.28,181.2,169.27,169.66,2240161.53,382809175.1,LTC,https://www.cryptocompare.com/media/35309662/ltc.png,Litecoin
1/8/2021,150.29,181.54,169.66,172.41,2186416.07,368378852.8,LTC,https://www.cryptocompare.com/media/35309662/ltc.png,Litecoin
1/9/2021,163.56,175.64,172.41,172.43,844359.5,143296055.2,LTC,https://www.cryptocompare.com/media/35309662/ltc.png,Litecoin
